,Date,RecordedValue,SiteID
748,2017-09-29,0.0,41O 04850
749,2017-09-30,0.0,41O 04850
750,2017-10-01,0.0,41O 04850
751,2017-10-02,0.0,41O 04850
752,2017-10-03,0.0,41O 04850
812,2017-10-04,0.0,41O 04850
813,2017-10-05,0.0,41O 04850
814,2017-10-06,0.0,41O 04850
815,2017-10-07,0.0,41O 04850
816,2017-10-08,0.0,41O 04850
817,2017-10-09,0.0,41O 04850
818,2017-10-10,0.0,41O 04850
819,2017-10-11,0.0,41O 04850
820,2017-10-12,0.0,41O 04850
821,2017-10-13,0.0,41O 04850
822,2017-10-14,0.0,41O 04850
823,2017-10-15,0.0,41O 04850
824,2017-10-16,0.0,41O 04850
825,2017-10-17,0.0,41O 04850
826,2017-10-18,0.0,41O 04850
827,2017-10-19,0.0,41O 04850
828,2017-10-20,0.0,41O 04850
829,2017-10-21,0.0,41O 04850
830,2017-10-22,0.0,41O 04850
831,2017-10-23,0.0,41O 04850
832,2017-10-24,0.0,41O 04850
833,2017-10-25,0.0,41O 04850
834,2017-10-26,0.0,41O 04850
835,2017-10-27,0.0,41O 04850
1514,2017-10-28,0.0,41O 04850
1516,2017-10-29,0.0,41O 04850
1517,2017-10-30,0.0,41O 04850
1515,2017-10-31,0.0,41O 04850
1518,2017-11-01,0.0,41O 04850
1519,2017-11-02,0.0,41O 04850
747,2018-01-16,,41O 04850
1520,2018-04-01,25.89830173,41O 04850
1521,2018-04-02,23.81639702,41O 04850
1522,2018-04-03,25.14751509,41O 04850
1523,2018-04-04,23.16970545,41O 04850
1524,2018-04-05,22.01235102,41O 04850
1525,2018-04-06,21.09635999,41O 04850
1526,2018-04-07,19.81155154,41O 04850
1528,2018-04-08,21.03449624,41O 04850
1527,2018-04-09,21.32192588,41O 04850
1529,2018-04-10,24.26307459,41O 04850
1530,2018-04-11,29.39661256,41O 04850
1531,2018-04-12,33.33965203,41O 04850
1532,2018-04-13,28.93409674,41O 04850
1533,2018-04-14,27.64807897,41O 04850
1534,2018-04-15,31.73279872,41O 04850
1535,2018-04-16,32.80396155,41O 04850
1536,2018-04-17,31.86651344,41O 04850
1537,2018-04-18,30.22735358,41O 04850
1538,2018-04-19,30.22310996,41O 04850
1539,2018-04-20,31.8768494,41O 04850
1540,2018-04-21,34.96507247,41O 04850
1541,2018-04-22,38.24471929,41O 04850
1542,2018-04-23,38.72444645,41O 04850
1543,2018-04-24,37.04476149,41O 04850
1544,2018-04-25,35.6236268,41O 04850
1545,2018-04-26,37.966531,41O 04850
1546,2018-04-27,43.63471963,41O 04850
1547,2018-04-28,59.65370874,41O 04850
1549,2018-04-29,83.96856515,41O 04850
1548,2018-04-30,91.87788465,41O 04850
1550,2018-05-01,81.04068115,41O 04850
1551,2018-05-02,70.99172155,41O 04850
1552,2018-05-03,67.83010807,41O 04850
1553,2018-05-04,79.52267803,41O 04850
1554,2018-05-05,95.22289715,41O 04850
1555,2018-05-06,105.00411015,41O 04850
1556,2018-05-07,125.20261246,41O 04850
1557,2018-05-08,156.5440641,41O 04850
1558,2018-05-09,169.8229311,41O 04850
1559,2018-05-10,178.12592337,41O 04850
1560,2018-05-11,363.56169113,41O 04850
1561,2018-05-12,234.62683031,41O 04850
1562,2018-05-13,177.9841828,41O 04850
1563,2018-05-14,168.27574952,41O 04850
1564,2018-05-15,174.12468342,41O 04850
1565,2018-05-16,188.48468819,41O 04850
1566,2018-05-17,199.06867573,41O 04850
1567,2018-05-18,197.59424897,41O 04850
1568,2018-05-19,191.85448871,41O 04850
1569,2018-05-20,175.71246143,41O 04850
1570,2018-05-21,169.76246574,41O 04850
1571,2018-05-22,171.2074636,41O 04850
1572,2018-05-23,183.29116228,41O 04850
1573,2018-05-24,185.66743658,41O 04850
1574,2018-05-25,199.2926815,41O 04850
1575,2018-05-26,298.27996246,41O 04850
1576,2018-05-27,325.26265822,41O 04850
1577,2018-05-28,232.28980782,41O 04850
1578,2018-05-29,205.13891737,41O 04850
1579,2018-05-30,188.53319254,41O 04850
1580,2018-05-31,179.40065946,41O 04850
1581,2018-06-01,174.6421381,41O 04850
1582,2018-06-02,155.45533049,41O 04850
1583,2018-06-03,144.99686421,41O 04850
1584,2018-06-04,131.49091984,41O 04850
1585,2018-06-05,128.79459714,41O 04850
1586,2018-06-06,119.41586413,41O 04850
1587,2018-06-07,113.36725862,41O 04850
1588,2018-06-08,108.92564386,41O 04850
1589,2018-06-09,105.65412434,41O 04850
1590,2018-06-10,108.7453115,41O 04850
1591,2018-06-11,97.5375181,41O 04850
1592,2018-06-12,87.07542033,41O 04850
1593,2018-06-13,79.55104387,41O 04850
1594,2018-06-14,72.02511802,41O 04850
1595,2018-06-15,68.97108016,41O 04850
1596,2018-06-16,69.90620086,41O 04850
1597,2018-06-17,112.73298307,41O 04850
1598,2018-06-18,186.20519589,41O 04850
753,2018-06-20,,41O 04850
1599,2018-06-23,535.03447304,41O 04850
1600,2018-06-24,402.72049025,41O 04850
1601,2018-06-25,318.11357688,41O 04850
1602,2018-06-26,253.86778128,41O 04850
1603,2018-06-27,206.98867033,41O 04850
1604,2018-06-28,187.51028907,41O 04850
1605,2018-06-29,171.29003344,41O 04850
1606,2018-06-30,155.2567963,41O 04850
1607,2018-07-01,141.93043935,41O 04850
1608,2018-07-02,129.6417363,41O 04850
1609,2018-07-03,120.63914009,41O 04850
1610,2018-07-04,112.64239976,41O 04850
1611,2018-07-05,105.38654515,41O 04850
1612,2018-07-06,98.99183746,41O 04850
1613,2018-07-07,91.81520459,41O 04850
1614,2018-07-08,87.01794991,41O 04850
1615,2018-07-09,82.56548607,41O 04850
1616,2018-07-10,78.08132669,41O 04850
1617,2018-07-11,73.83657221,41O 04850
1618,2018-07-12,71.68136841,41O 04850
1620,2018-07-13,67.95611324,41O 04850
1619,2018-07-14,65.58572302,41O 04850
1621,2018-07-15,65.94156195,41O 04850
1622,2018-07-16,61.39538498,41O 04850
1623,2018-07-17,58.28469412,41O 04850
1624,2018-07-18,56.25542088,41O 04850
1625,2018-07-19,53.50164029,41O 04850
1626,2018-07-20,53.201577,41O 04850
1627,2018-07-21,51.28472938,41O 04850
1628,2018-07-22,49.2638334,41O 04850
1629,2018-07-23,48.5456098,41O 04850
1630,2018-07-24,47.05422458,41O 04850
1631,2018-07-25,46.02395442,41O 04850
1632,2018-07-26,45.62072388,41O 04850
1633,2018-07-27,46.66391304,41O 04850
1634,2018-07-28,44.78448186,41O 04850
1635,2018-07-29,43.65585396,41O 04850
1636,2018-07-30,40.63145461,41O 04850
1637,2018-07-31,38.64931654,41O 04850
1638,2018-08-01,38.17277793,41O 04850
1639,2018-08-02,36.33578147,41O 04850
1640,2018-08-03,34.65923091,41O 04850
1641,2018-08-04,34.25473485,41O 04850
1642,2018-08-05,34.98666917,41O 04850
1643,2018-08-06,35.04924996,41O 04850
1644,2018-08-07,32.56450728,41O 04850
1645,2018-08-08,31.37848926,41O 04850
1646,2018-08-09,30.56823763,41O 04850
1647,2018-08-10,29.78113005,41O 04850
1648,2018-08-11,29.14203114,41O 04850
1649,2018-08-12,28.77944397,41O 04850
1650,2018-08-13,28.38992917,41O 04850
1651,2018-08-14,29.23829203,41O 04850
1652,2018-08-15,27.65230132,41O 04850
1653,2018-08-16,26.6453452,41O 04850
1654,2018-08-17,26.51422113,41O 04850
1655,2018-08-18,26.07014923,41O 04850
1656,2018-08-19,26.56800763,41O 04850
1657,2018-08-20,27.76928572,41O 04850
1658,2018-08-21,30.71428391,41O 04850
1659,2018-08-22,28.58867881,41O 04850
1660,2018-08-23,26.39942639,41O 04850
1661,2018-08-24,25.76730232,41O 04850
1665,2018-08-25,25.89093481,41O 04850
1666,2018-08-26,25.73900807,41O 04850
1667,2018-08-27,26.58355724,41O 04850
1668,2018-08-28,27.35486982,41O 04850
1669,2018-08-29,25.81804027,41O 04850
1670,2018-08-30,24.25050992,41O 04850
1671,2018-08-31,24.0149883,41O 04850
1672,2018-09-01,24.10023982,41O 04850
1673,2018-09-02,24.336029,41O 04850
1674,2018-09-03,23.66149565,41O 04850
1675,2018-09-04,23.72392308,41O 04850
1676,2018-09-05,24.11598652,41O 04850
1677,2018-09-06,23.41337905,41O 04850
1678,2018-09-07,22.75359571,41O 04850
1679,2018-09-08,22.02798493,41O 04850
1680,2018-09-09,21.54494971,41O 04850
1662,2018-09-10,21.62584638,41O 04850
1663,2018-09-11,21.11382194,41O 04850
1664,2018-09-12,21.56282161,41O 04850
1681,2018-09-13,22.00158813,41O 04850
1682,2018-09-14,22.1996158,41O 04850
1683,2018-09-15,22.99222969,41O 04850
1684,2018-09-16,24.6037045,41O 04850
1685,2018-09-17,23.86099039,41O 04850
1686,2018-09-18,22.25679368,41O 04850
1687,2018-09-19,21.75990918,41O 04850
1688,2018-09-20,21.99479889,41O 04850
1689,2018-09-21,21.71843312,41O 04850
1690,2018-09-22,20.94995734,41O 04850
1691,2018-09-23,20.06025392,41O 04850
1692,2018-09-24,20.18022462,41O 04850
1693,2018-09-25,20.67246043,41O 04850
1694,2018-09-26,20.06285358,41O 04850
1695,2018-09-27,20.09362255,41O 04850
1696,2018-09-28,22.56515476,41O 04850
1697,2018-09-29,22.53396445,41O 04850
1699,2018-09-30,22.50119165,41O 04850
1700,2018-10-01,22.16821872,41O 04850
1698,2018-10-02,22.05947072,41O 04850
805,2018-10-03,26.89625153,41O 04850
1701,2018-10-04,24.69324385,41O 04850
1702,2018-10-05,23.35427194,41O 04850
1703,2018-10-06,22.45165321,41O 04850
1704,2018-10-07,22.07157871,41O 04850
1705,2018-10-08,21.74356159,41O 04850
1706,2018-10-09,22.94751665,41O 04850
1707,2018-10-10,23.26561016,41O 04850
1708,2018-10-11,22.86217695,41O 04850
1709,2018-10-12,22.73489188,41O 04850
1710,2018-10-13,23.50115362,41O 04850
1711,2018-10-14,22.86463815,41O 04850
1712,2018-10-15,22.24567225,41O 04850
1713,2018-10-16,21.62114484,41O 04850
1719,2018-10-17,21.57550809,41O 04850
1714,2018-10-18,21.46525444,41O 04850
1715,2018-10-19,21.15215661,41O 04850
1716,2018-10-20,21.18447658,41O 04850
1717,2018-10-21,20.96236872,41O 04850
1718,2018-10-22,21.00303936,41O 04850
789,2018-10-23,21.05385518,41O 04850
790,2018-10-24,20.80361678,41O 04850
791,2018-10-25,20.58065601,41O 04850
792,2018-10-26,20.72764584,41O 04850
793,2018-10-27,21.29660634,41O 04850
794,2018-10-28,22.20340701,41O 04850
795,2018-10-29,21.56903492,41O 04850
796,2018-10-30,21.16299937,41O 04850
797,2018-10-31,21.00613864,41O 04850
0,2018-11-01,20.93974142,41O 04850
1,2018-11-02,20.80361678,41O 04850
2,2018-11-03,21.47052719,41O 04850
3,2018-11-04,21.12420609,41O 04850
4,2018-11-05,20.77624357,41O 04850
5,2018-11-06,21.0478669,41O 04850
6,2018-11-07,21.45868858,41O 04850
7,2018-11-08,24.8897861,41O 04850
8,2018-11-09,25.50423337,41O 04850
9,2018-11-10,20.66462349,41O 04850
10,2018-11-11,22.543837,41O 04850
11,2018-11-12,22.33456347,41O 04850
12,2018-11-13,19.94176901,41O 04850
13,2018-11-14,20.29461635,41O 04850
14,2018-11-15,19.76644526,41O 04850
15,2018-11-16,19.51722631,41O 04850
16,2018-11-17,21.6153908,41O 04850
17,2018-11-18,25.14751015,41O 04850
18,2018-11-19,21.40675396,41O 04850
19,2018-11-20,20.68183754,41O 04850
20,2018-11-21,21.21880785,41O 04850
21,2018-11-22,21.27900896,41O 04850
22,2018-11-23,21.07690522,41O 04850
23,2018-11-24,20.85679047,41O 04850
24,2018-11-25,21.53829942,41O 04850
25,2018-11-26,23.25368174,41O 04850
26,2018-11-27,20.92910668,41O 04850
27,2018-11-28,20.89294858,41O 04850
28,2018-11-29,20.6568574,41O 04850
29,2018-11-30,20.35928537,41O 04850
30,2018-12-01,20.36349317,41O 04850
31,2018-12-02,20.43726774,41O 04850
32,2018-12-03,22.62590656,41O 04850
33,2018-12-04,27.53122643,41O 04850
746,2019-02-01,,41O 04850
34,2019-04-01,21.54864598,41O 04850
35,2019-04-02,20.59193602,41O 04850
36,2019-04-03,20.26827811,41O 04850
37,2019-04-04,20.49522556,41O 04850
44,2019-04-05,21.05826654,41O 04850
45,2019-04-06,21.59937069,41O 04850
46,2019-04-07,21.23760167,41O 04850
47,2019-04-08,20.63078387,41O 04850
48,2019-04-09,26.17960285,41O 04850
49,2019-04-10,40.83749942,41O 04850
50,2019-04-11,32.81160645,41O 04850
51,2019-04-12,30.49429072,41O 04850
52,2019-04-13,27.556001,41O 04850
53,2019-04-14,27.36489299,41O 04850
54,2019-04-15,26.4337415,41O 04850
55,2019-04-16,24.97627428,41O 04850
56,2019-04-17,23.86297599,41O 04850
57,2019-04-18,23.43582736,41O 04850
58,2019-04-19,24.63208772,41O 04850
59,2019-04-20,29.46036917,41O 04850
60,2019-04-21,42.14900684,41O 04850
61,2019-04-22,39.70038822,41O 04850
62,2019-04-23,36.2840032,41O 04850
63,2019-04-24,39.82352453,41O 04850
64,2019-04-25,41.72047172,41O 04850
65,2019-04-26,41.04010249,41O 04850
66,2019-04-27,39.42685626,41O 04850
67,2019-04-28,36.1504838,41O 04850
68,2019-04-29,33.15254458,41O 04850
69,2019-04-30,30.945829,41O 04850
70,2019-05-01,29.74048194,41O 04850
71,2019-05-02,28.5070289,41O 04850
72,2019-05-03,27.35580531,41O 04850
73,2019-05-04,26.56898675,41O 04850
741,2019-05-05,,41O 04850
74,2019-05-06,28.15102339,41O 04850
75,2019-05-07,27.81846602,41O 04850
76,2019-05-08,29.00628573,41O 04850
77,2019-05-09,31.31812775,41O 04850
78,2019-05-10,26.54011963,41O 04850
79,2019-05-11,26.99606647,41O 04850
80,2019-05-12,28.48672082,41O 04850
81,2019-05-13,39.42792552,41O 04850
82,2019-05-14,54.34364978,41O 04850
83,2019-05-15,55.87596557,41O 04850
84,2019-05-16,72.95058707,41O 04850
85,2019-05-17,116.06815065,41O 04850
86,2019-05-18,111.36932369,41O 04850
87,2019-05-19,102.19591799,41O 04850
88,2019-05-20,90.7967939,41O 04850
89,2019-05-21,83.94628137,41O 04850
90,2019-05-22,106.82795564,41O 04850
91,2019-05-23,101.63796819,41O 04850
92,2019-05-24,101.49674272,41O 04850
93,2019-05-25,111.2031552,41O 04850
740,2019-05-27,,41O 04850
94,2019-05-29,721.4956601,41O 04850
95,2019-05-30,542.79928959,41O 04850
96,2019-05-31,446.59220086,41O 04850
97,2019-06-01,384.03276049,41O 04850
98,2019-06-02,356.49381585,41O 04850
99,2019-06-03,370.44822325,41O 04850
100,2019-06-04,349.66231609,41O 04850
101,2019-06-05,282.05588327,41O 04850
102,2019-06-06,226.36063606,41O 04850
103,2019-06-07,199.31537964,41O 04850
104,2019-06-08,170.81561017,41O 04850
105,2019-06-09,146.52610277,41O 04850
106,2019-06-10,128.39525795,41O 04850
107,2019-06-11,119.14576324,41O 04850
108,2019-06-12,113.96287108,41O 04850
109,2019-06-13,112.37132168,41O 04850
110,2019-06-14,108.31937917,41O 04850
111,2019-06-15,103.71663479,41O 04850
112,2019-06-16,101.3183973,41O 04850
113,2019-06-17,88.06968266,41O 04850
114,2019-06-18,78.05397596,41O 04850
115,2019-06-19,72.48478383,41O 04850
116,2019-06-20,69.44992518,41O 04850
117,2019-06-21,66.22544621,41O 04850
118,2019-06-22,64.37374135,41O 04850
119,2019-06-23,61.07110228,41O 04850
120,2019-06-24,58.08863661,41O 04850
121,2019-06-25,55.11239328,41O 04850
122,2019-06-26,52.96263429,41O 04850
123,2019-06-27,54.10391423,41O 04850
124,2019-06-28,54.46736862,41O 04850
125,2019-06-29,49.99460585,41O 04850
126,2019-06-30,47.63214923,41O 04850
127,2019-07-01,46.32304696,41O 04850
128,2019-07-02,46.0344845,41O 04850
129,2019-07-03,52.00009714,41O 04850
130,2019-07-04,48.69333075,41O 04850
131,2019-07-05,46.59576951,41O 04850
132,2019-07-06,47.85164449,41O 04850
133,2019-07-07,51.22829728,41O 04850
134,2019-07-08,49.28444596,41O 04850
135,2019-07-09,59.73849655,41O 04850
136,2019-07-10,50.48708256,41O 04850
137,2019-07-11,45.976235,41O 04850
138,2019-07-12,44.27875354,41O 04850
139,2019-07-13,46.88480716,41O 04850
140,2019-07-14,47.05942874,41O 04850
141,2019-07-15,45.36008336,41O 04850
142,2019-07-16,43.99490579,41O 04850
143,2019-07-17,42.82292462,41O 04850
144,2019-07-18,41.75890652,41O 04850
145,2019-07-19,41.04699878,41O 04850
146,2019-07-20,40.0847634,41O 04850
147,2019-07-21,39.51626431,41O 04850
148,2019-07-22,38.78646276,41O 04850
149,2019-07-23,38.12668097,41O 04850
150,2019-07-24,36.82627171,41O 04850
151,2019-07-25,35.51639916,41O 04850
152,2019-07-26,35.25863081,41O 04850
153,2019-07-27,34.20756799,41O 04850
154,2019-07-28,33.38365721,41O 04850
155,2019-07-29,33.51331974,41O 04850
156,2019-07-30,32.69425386,41O 04850
157,2019-07-31,31.76637884,41O 04850
158,2019-08-01,30.14371692,41O 04850
159,2019-08-02,29.9589983,41O 04850
160,2019-08-03,29.16824815,41O 04850
161,2019-08-04,28.92538611,41O 04850
162,2019-08-05,28.46153842,41O 04850
163,2019-08-06,27.77220278,41O 04850
164,2019-08-07,27.50470177,41O 04850
165,2019-08-08,27.47716684,41O 04850
166,2019-08-09,27.23903808,41O 04850
167,2019-08-10,29.32916725,41O 04850
168,2019-08-11,30.39179753,41O 04850
169,2019-08-12,29.16063233,41O 04850
38,2019-08-13,27.89551973,41O 04850
170,2019-08-14,27.69312907,41O 04850
171,2019-08-15,27.65116101,41O 04850
172,2019-08-16,26.91333621,41O 04850
173,2019-08-17,31.37963499,41O 04850
40,2019-08-18,31.30616408,41O 04850
174,2019-08-19,28.11696937,41O 04850
175,2019-08-20,27.19560624,41O 04850
176,2019-08-21,27.47465038,41O 04850
177,2019-08-22,28.040951,41O 04850
178,2019-08-23,30.42337506,41O 04850
179,2019-08-24,28.72847147,41O 04850
180,2019-08-25,27.54790416,41O 04850
181,2019-08-26,27.14196556,41O 04850
182,2019-08-27,26.84307471,41O 04850
183,2019-08-28,26.10335228,41O 04850
184,2019-08-29,25.68980301,41O 04850
185,2019-08-30,26.22634981,41O 04850
186,2019-08-31,25.44637787,41O 04850
187,2019-09-01,24.99243886,41O 04850
41,2019-09-02,24.70884481,41O 04850
42,2019-09-03,24.158086,41O 04850
188,2019-09-04,23.62645047,41O 04850
189,2019-09-05,23.19623743,41O 04850
190,2019-09-06,23.84932498,41O 04850
191,2019-09-07,26.84730148,41O 04850
192,2019-09-08,26.59110663,41O 04850
193,2019-09-09,30.22800706,41O 04850
194,2019-09-10,29.41307346,41O 04850
195,2019-09-11,28.22997821,41O 04850
196,2019-09-12,27.2056367,41O 04850
197,2019-09-13,26.00662532,41O 04850
198,2019-09-14,25.57882124,41O 04850
738,2019-09-15,,41O 04850
199,2019-09-16,24.34648568,41O 04850
200,2019-09-17,24.5998999,41O 04850
201,2019-09-18,25.43278882,41O 04850
202,2019-09-19,28.60475548,41O 04850
203,2019-09-20,27.58542983,41O 04850
204,2019-09-21,26.83679183,41O 04850
205,2019-09-22,25.88669495,41O 04850
206,2019-09-23,25.0238886,41O 04850
207,2019-09-24,24.69254815,41O 04850
208,2019-09-25,24.61313293,41O 04850
209,2019-09-26,24.20922102,41O 04850
210,2019-09-27,25.46854217,41O 04850
737,2019-09-28,,41O 04850
39,2019-09-30,28.31690726,41O 04850
211,2019-10-01,28.78901578,41O 04850
212,2019-10-02,29.16114414,41O 04850
213,2019-10-03,29.35241522,41O 04850
214,2019-10-04,29.97936519,41O 04850
215,2019-10-05,30.49444217,41O 04850
216,2019-10-06,29.97607251,41O 04850
217,2019-10-07,29.31367076,41O 04850
218,2019-10-08,30.49911178,41O 04850
219,2019-10-09,32.30808581,41O 04850
220,2019-10-10,30.56694533,41O 04850
221,2019-10-11,29.65912748,41O 04850
222,2019-10-12,29.59288931,41O 04850
223,2019-10-13,30.53856652,41O 04850
224,2019-10-14,30.81048603,41O 04850
225,2019-10-15,30.39437678,41O 04850
226,2019-10-16,29.51696874,41O 04850
227,2019-10-17,29.15445487,41O 04850
228,2019-10-18,29.07994594,41O 04850
229,2019-10-19,29.13670389,41O 04850
230,2019-10-20,29.01847118,41O 04850
231,2019-10-21,28.51960292,41O 04850
232,2019-10-22,28.17623237,41O 04850
233,2019-10-23,29.40795036,41O 04850
234,2019-10-24,29.35756192,41O 04850
235,2019-10-25,30.47914011,41O 04850
236,2019-10-26,30.90336017,41O 04850
237,2019-10-27,30.30813793,41O 04850
238,2019-10-28,29.95904153,41O 04850
239,2019-10-29,29.39159032,41O 04850
240,2019-10-30,31.20607612,41O 04850
241,2019-10-31,31.96972521,41O 04850
242,2019-11-01,29.48258601,41O 04850
243,2019-11-02,29.06509588,41O 04850
244,2019-11-03,29.49700369,41O 04850
245,2019-11-04,29.48094125,41O 04850
739,2019-11-05,,41O 04850
246,2019-11-07,28.72156196,41O 04850
247,2019-11-08,28.23764506,41O 04850
248,2019-11-09,28.04491696,41O 04850
736,2019-11-10,,41O 04850
249,2019-11-11,28.14719147,41O 04850
250,2019-11-12,28.96308218,41O 04850
251,2019-11-13,28.61701496,41O 04850
252,2019-11-14,27.57580986,41O 04850
253,2019-11-15,27.37508427,41O 04850
254,2019-11-16,27.02974522,41O 04850
255,2019-11-17,27.10420931,41O 04850
256,2019-11-18,26.71777377,41O 04850
257,2019-11-19,26.98174326,41O 04850
258,2019-11-20,27.34286906,41O 04850
259,2019-11-21,26.6420403,41O 04850
260,2019-11-22,26.53926207,41O 04850
261,2019-11-23,26.44457008,41O 04850
262,2019-11-24,26.54516218,41O 04850
263,2019-11-25,26.07653491,41O 04850
264,2019-11-26,25.95313588,41O 04850
265,2019-11-27,26.01858755,41O 04850
266,2019-11-28,25.96591785,41O 04850
267,2019-11-29,25.91324814,41O 04850
268,2019-11-30,25.86057844,41O 04850
269,2019-12-01,25.80790874,41O 04850
270,2019-12-02,25.75523903,41O 04850
271,2019-12-03,25.70256933,41O 04850
272,2019-12-04,25.64989963,41O 04850
273,2019-12-05,25.59722993,41O 04850
274,2019-12-06,25.54456022,41O 04850
275,2019-12-07,25.49189052,41O 04850
276,2019-12-08,25.43922082,41O 04850
277,2019-12-09,25.38655112,41O 04850
278,2019-12-10,25.33388141,41O 04850
279,2019-12-11,25.28121171,41O 04850
280,2019-12-12,25.22854201,41O 04850
281,2019-12-13,25.17587231,41O 04850
282,2019-12-14,25.1232026,41O 04850
283,2019-12-15,25.0705329,41O 04850
284,2019-12-16,25.0178632,41O 04850
285,2019-12-17,24.9651935,41O 04850
286,2019-12-18,24.91252379,41O 04850
287,2019-12-19,24.85985409,41O 04850
288,2019-12-20,24.80718439,41O 04850
289,2019-12-21,24.75451468,41O 04850
290,2019-12-22,24.70184498,41O 04850
291,2019-12-23,24.64917528,41O 04850
292,2019-12-24,24.59650558,41O 04850
293,2019-12-25,24.54383587,41O 04850
294,2019-12-26,24.49116617,41O 04850
295,2019-12-27,24.43849647,41O 04850
296,2019-12-28,24.38582677,41O 04850
297,2019-12-29,24.33315706,41O 04850
298,2019-12-30,24.28048736,41O 04850
299,2019-12-31,24.22781766,41O 04850
300,2020-01-01,24.17514796,41O 04850
301,2020-01-02,24.12247825,41O 04850
302,2020-01-03,24.06980855,41O 04850
303,2020-01-04,24.01713885,41O 04850
304,2020-01-05,23.96446914,41O 04850
305,2020-01-06,23.91179944,41O 04850
306,2020-01-07,23.85912974,41O 04850
307,2020-01-08,23.80646004,41O 04850
308,2020-01-09,23.75379033,41O 04850
309,2020-01-10,23.70112063,41O 04850
310,2020-01-11,23.64845093,41O 04850
311,2020-01-12,23.59578123,41O 04850
312,2020-01-13,23.54311152,41O 04850
313,2020-01-14,23.49044182,41O 04850
314,2020-01-15,23.43777212,41O 04850
315,2020-01-16,23.38510242,41O 04850
316,2020-01-17,23.33243271,41O 04850
317,2020-01-18,23.27976301,41O 04850
318,2020-01-19,23.22709331,41O 04850
319,2020-01-20,23.17442361,41O 04850
320,2020-01-21,23.1217539,41O 04850
321,2020-01-22,23.0690842,41O 04850
322,2020-01-23,23.0164145,41O 04850
323,2020-01-24,22.96374479,41O 04850
324,2020-01-25,22.91107509,41O 04850
325,2020-01-26,22.85840539,41O 04850
326,2020-01-27,22.80573569,41O 04850
327,2020-01-28,22.75306598,41O 04850
328,2020-01-29,22.70039628,41O 04850
329,2020-01-30,22.64772658,41O 04850
330,2020-01-31,22.59505688,41O 04850
331,2020-02-01,22.54238717,41O 04850
332,2020-02-02,22.48971747,41O 04850
333,2020-02-03,22.43704777,41O 04850
334,2020-02-04,22.38437807,41O 04850
335,2020-02-05,22.33170836,41O 04850
336,2020-02-06,22.27903866,41O 04850
337,2020-02-07,22.22636896,41O 04850
345,2020-02-08,22.17369926,41O 04850
346,2020-02-09,22.12102955,41O 04850
347,2020-02-10,22.06835985,41O 04850
348,2020-02-11,22.01569015,41O 04850
349,2020-02-12,21.96302044,41O 04850
350,2020-02-13,21.91035074,41O 04850
351,2020-02-14,21.85768104,41O 04850
352,2020-02-15,21.80501134,41O 04850
353,2020-02-16,21.75234163,41O 04850
354,2020-02-17,21.69967193,41O 04850
355,2020-02-18,21.64700223,41O 04850
356,2020-02-19,21.59433253,41O 04850
357,2020-02-20,21.54166282,41O 04850
358,2020-02-21,21.48899312,41O 04850
359,2020-02-22,21.43632342,41O 04850
360,2020-02-23,21.38365372,41O 04850
361,2020-02-24,21.33098401,41O 04850
362,2020-02-25,21.27831431,41O 04850
363,2020-02-26,21.22564461,41O 04850
364,2020-02-27,21.17297491,41O 04850
365,2020-02-28,21.1203052,41O 04850
366,2020-02-29,21.0676355,41O 04850
367,2020-03-01,21.0149658,41O 04850
368,2020-03-02,20.96229609,41O 04850
369,2020-03-03,20.90962639,41O 04850
370,2020-03-04,20.85695669,41O 04850
371,2020-03-05,20.80428699,41O 04850
372,2020-03-06,20.75161728,41O 04850
373,2020-03-07,20.69894758,41O 04850
374,2020-03-08,20.64627788,41O 04850
375,2020-03-09,20.59360818,41O 04850
376,2020-03-10,20.54093847,41O 04850
377,2020-03-11,20.48826877,41O 04850
378,2020-03-12,20.43559907,41O 04850
379,2020-03-13,20.38292937,41O 04850
380,2020-03-14,20.33025966,41O 04850
381,2020-03-15,20.27758996,41O 04850
382,2020-03-16,20.22492026,41O 04850
383,2020-03-17,20.17225056,41O 04850
384,2020-03-18,20.11958085,41O 04850
385,2020-03-19,20.06691115,41O 04850
386,2020-03-20,20.01424145,41O 04850
387,2020-03-21,19.96157174,41O 04850
388,2020-03-22,19.90890204,41O 04850
389,2020-03-23,19.85623234,41O 04850
390,2020-03-24,19.80356264,41O 04850
391,2020-03-25,19.75089293,41O 04850
392,2020-03-26,19.69822323,41O 04850
393,2020-03-27,19.64555353,41O 04850
394,2020-03-28,19.59288383,41O 04850
395,2020-03-29,19.54021412,41O 04850
396,2020-03-30,19.48754442,41O 04850
397,2020-03-31,19.43487521,41O 04850
398,2020-04-01,19.40063195,41O 04850
399,2020-04-02,18.95605821,41O 04850
400,2020-04-03,18.83349104,41O 04850
401,2020-04-04,19.60613829,41O 04850
402,2020-04-05,19.27390299,41O 04850
403,2020-04-06,19.34550161,41O 04850
404,2020-04-07,19.83737428,41O 04850
405,2020-04-08,19.63804462,41O 04850
406,2020-04-09,19.69391432,41O 04850
407,2020-04-10,20.58951083,41O 04850
408,2020-04-11,24.3704573,41O 04850
409,2020-04-12,24.04247124,41O 04850
410,2020-04-13,23.70290395,41O 04850
411,2020-04-14,24.37708931,41O 04850
412,2020-04-15,25.9335203,41O 04850
413,2020-04-16,25.75167533,41O 04850
414,2020-04-17,25.82414253,41O 04850
415,2020-04-18,29.49336914,41O 04850
416,2020-04-19,33.57782673,41O 04850
417,2020-04-20,33.28909841,41O 04850
418,2020-04-21,32.88327471,41O 04850
419,2020-04-22,33.22301753,41O 04850
420,2020-04-23,34.47624812,41O 04850
421,2020-04-24,35.52033403,41O 04850
422,2020-04-25,35.97195944,41O 04850
423,2020-04-26,36.58175502,41O 04850
424,2020-04-27,37.71350886,41O 04850
425,2020-04-28,40.72753088,41O 04850
426,2020-04-29,39.99492527,41O 04850
427,2020-04-30,37.49177549,41O 04850
428,2020-05-01,51.5896362,41O 04850
429,2020-05-02,57.48067634,41O 04850
430,2020-05-03,59.89474314,41O 04850
431,2020-05-04,55.64294921,41O 04850
432,2020-05-05,50.34094991,41O 04850
433,2020-05-06,49.15988816,41O 04850
434,2020-05-07,49.75409427,41O 04850
435,2020-05-08,48.15124343,41O 04850
436,2020-05-09,46.79725225,41O 04850
437,2020-05-10,47.15515409,41O 04850
438,2020-05-11,46.60807429,41O 04850
439,2020-05-12,47.0842679,41O 04850
440,2020-05-13,46.56175377,41O 04850
441,2020-05-14,43.99663792,41O 04850
442,2020-05-15,42.82487471,41O 04850
443,2020-05-16,40.37292969,41O 04850
444,2020-05-17,40.14824422,41O 04850
445,2020-05-18,45.88202234,41O 04850
446,2020-05-19,58.70225247,41O 04850
447,2020-05-20,104.36066185,41O 04850
448,2020-05-21,179.43500883,41O 04850
449,2020-05-22,160.39443228,41O 04850
450,2020-05-23,134.51173474,41O 04850
451,2020-05-24,116.00717882,41O 04850
452,2020-05-25,110.78201354,41O 04850
453,2020-05-26,116.24084448,41O 04850
454,2020-05-27,137.7256853,41O 04850
455,2020-05-28,145.12397455,41O 04850
456,2020-05-29,153.26512564,41O 04850
457,2020-05-30,152.62992616,41O 04850
458,2020-05-31,190.46393738,41O 04850
459,2020-06-01,194.43590048,41O 04850
460,2020-06-02,148.82802223,41O 04850
461,2020-06-03,124.53371219,41O 04850
462,2020-06-04,115.38789211,41O 04850
463,2020-06-05,97.24152592,41O 04850
464,2020-06-06,94.71890014,41O 04850
465,2020-06-07,121.44589545,41O 04850
466,2020-06-08,143.0273947,41O 04850
467,2020-06-09,128.42517153,41O 04850
468,2020-06-10,112.97595604,41O 04850
469,2020-06-11,107.28549877,41O 04850
470,2020-06-12,103.98517546,41O 04850
471,2020-06-13,109.19941189,41O 04850
472,2020-06-14,107.58314907,41O 04850
473,2020-06-15,95.70113742,41O 04850
474,2020-06-16,73.71192036,41O 04850
475,2020-06-17,70.57229551,41O 04850
476,2020-06-18,71.88573366,41O 04850
477,2020-06-19,76.32404768,41O 04850
478,2020-06-20,79.27908342,41O 04850
479,2020-06-21,76.212272,41O 04850
480,2020-06-22,71.50924523,41O 04850
481,2020-06-23,62.57674938,41O 04850
482,2020-06-24,59.23656255,41O 04850
483,2020-06-25,57.02407457,41O 04850
484,2020-06-26,50.38463215,41O 04850
485,2020-06-27,47.18676499,41O 04850
486,2020-06-28,45.8824315,41O 04850
487,2020-06-29,59.36508025,41O 04850
488,2020-06-30,152.95380178,41O 04850
489,2020-07-01,140.54381964,41O 04850
490,2020-07-02,115.55712939,41O 04850
491,2020-07-03,100.7924489,41O 04850
492,2020-07-04,91.12725731,41O 04850
493,2020-07-05,83.31179682,41O 04850
494,2020-07-06,77.1962657,41O 04850
495,2020-07-07,72.76112301,41O 04850
496,2020-07-08,69.18759995,41O 04850
497,2020-07-09,65.27588062,41O 04850
498,2020-07-10,62.43312224,41O 04850
499,2020-07-11,59.67327956,41O 04850
500,2020-07-12,55.96333599,41O 04850
501,2020-07-13,53.31985004,41O 04850
502,2020-07-14,51.04325383,41O 04850
503,2020-07-15,48.80827325,41O 04850
504,2020-07-16,47.21756371,41O 04850
505,2020-07-17,45.58697272,41O 04850
506,2020-07-18,44.30664338,41O 04850
507,2020-07-19,42.54268094,41O 04850
508,2020-07-20,41.14533602,41O 04850
509,2020-07-21,41.1853361,41O 04850
510,2020-07-22,39.35235337,41O 04850
511,2020-07-23,37.91692351,41O 04850
512,2020-07-24,37.56910016,41O 04850
513,2020-07-25,34.70120586,41O 04850
514,2020-07-26,33.76031594,41O 04850
515,2020-07-27,32.96430567,41O 04850
516,2020-07-28,32.15092679,41O 04850
517,2020-07-29,31.34903595,41O 04850
518,2020-07-30,30.88293547,41O 04850
519,2020-07-31,31.05669812,41O 04850
520,2020-08-01,30.6234311,41O 04850
521,2020-08-02,29.97898296,41O 04850
522,2020-08-03,29.14157451,41O 04850
523,2020-08-04,28.20450765,41O 04850
524,2020-08-05,27.57384001,41O 04850
525,2020-08-06,27.20667815,41O 04850
526,2020-08-07,26.99870026,41O 04850
527,2020-08-08,27.00269733,41O 04850
528,2020-08-09,27.05223912,41O 04850
529,2020-08-10,26.60816421,41O 04850
530,2020-08-11,25.91269634,41O 04850
531,2020-08-12,25.703929,41O 04850
532,2020-08-13,25.56540683,41O 04850
533,2020-08-14,25.54829721,41O 04850
534,2020-08-15,24.62393813,41O 04850
535,2020-08-16,24.03598902,41O 04850
536,2020-08-17,23.39763327,41O 04850
537,2020-08-18,23.3835365,41O 04850
538,2020-08-19,24.08016318,41O 04850
539,2020-08-20,24.50848113,41O 04850
540,2020-08-21,26.08044183,41O 04850
541,2020-08-22,23.31130648,41O 04850
542,2020-08-23,22.64006728,41O 04850
543,2020-08-24,22.09300196,41O 04850
544,2020-08-25,21.74959795,41O 04850
545,2020-08-26,22.07011191,41O 04850
546,2020-08-27,21.24429543,41O 04850
547,2020-08-28,20.96630009,41O 04850
548,2020-08-29,20.45785034,41O 04850
549,2020-08-30,20.19056519,41O 04850
550,2020-08-31,20.86127027,41O 04850
551,2020-09-01,20.44562802,41O 04850
552,2020-09-02,19.16646561,41O 04850
553,2020-09-03,19.47909588,41O 04850
554,2020-09-04,19.07586906,41O 04850
555,2020-09-05,18.75965006,41O 04850
556,2020-09-06,18.34718663,41O 04850
557,2020-09-07,20.45241442,41O 04850
558,2020-09-08,22.06881239,41O 04850
559,2020-09-09,20.68578243,41O 04850
560,2020-09-10,19.91886139,41O 04850
561,2020-09-11,19.23027771,41O 04850
562,2020-09-12,18.08076219,41O 04850
563,2020-09-13,17.50298445,41O 04850
564,2020-09-14,18.11911234,41O 04850
565,2020-09-15,17.8167144,41O 04850
566,2020-09-16,17.58677537,41O 04850
567,2020-09-17,17.34018155,41O 04850
568,2020-09-18,16.66181696,41O 04850
569,2020-09-19,16.23166736,41O 04850
570,2020-09-20,16.28020156,41O 04850
571,2020-09-21,15.65618485,41O 04850
572,2020-09-22,15.38838513,41O 04850
573,2020-09-23,15.75869106,41O 04850
574,2020-09-24,15.51512092,41O 04850
575,2020-09-25,16.85207353,41O 04850
576,2020-09-26,19.04720729,41O 04850
577,2020-09-27,19.35177072,41O 04850
578,2020-09-28,18.61521657,41O 04850
579,2020-09-29,17.70113981,41O 04850
580,2020-09-30,17.47136812,41O 04850
581,2020-10-01,18.07732917,41O 04850
582,2020-10-02,17.94213945,41O 04850
583,2020-10-03,18.01827751,41O 04850
584,2020-10-04,18.11348985,41O 04850
585,2020-10-05,17.61667295,41O 04850
586,2020-10-06,17.87314504,41O 04850
587,2020-10-07,18.0879543,41O 04850
588,2020-10-08,18.38146236,41O 04850
589,2020-10-09,18.43218929,41O 04850
590,2020-10-10,18.52332158,41O 04850
591,2020-10-11,18.58759265,41O 04850
592,2020-10-12,19.65508618,41O 04850
593,2020-10-13,20.69841879,41O 04850
594,2020-10-14,22.90669792,41O 04850
595,2020-10-15,22.14574401,41O 04850
596,2020-10-16,21.25124054,41O 04850
597,2020-10-17,23.55648667,41O 04850
598,2020-10-18,24.43357537,41O 04850
599,2020-10-19,23.87618622,41O 04850
600,2020-10-20,25.33714463,41O 04850
601,2020-10-21,24.96697547,41O 04850
602,2020-10-22,23.71792865,41O 04850
603,2020-10-23,23.60078844,41O 04850
604,2020-10-24,47.47920091,41O 04850
605,2020-10-25,62.89633021,41O 04850
606,2020-10-26,52.66920169,41O 04850
607,2020-10-27,49.70639934,41O 04850
608,2020-10-28,42.63528659,41O 04850
609,2020-10-29,32.08217518,41O 04850
610,2020-10-30,28.2522076,41O 04850
611,2020-10-31,28.17156848,41O 04850
612,2020-11-01,27.38054771,41O 04850
613,2020-11-02,26.59870726,41O 04850
614,2020-11-03,26.37055707,41O 04850
615,2020-11-04,26.57684037,41O 04850
616,2020-11-05,26.60308101,41O 04850
617,2020-11-06,27.11169476,41O 04850
618,2020-11-07,28.9659813,41O 04850
619,2020-11-08,28.67737023,41O 04850
620,2020-11-09,40.94486517,41O 04850
621,2020-11-10,36.32227593,41O 04850
622,2020-11-11,32.90717694,41O 04850
623,2020-11-12,33.10549464,41O 04850
745,2020-11-15,,41O 04850
624,2020-11-18,26.5209744,41O 04850
625,2020-11-19,26.43408633,41O 04850
626,2020-11-20,25.59652961,41O 04850
341,2020-11-21,25.53277753,41O 04850
627,2020-11-22,25.46902545,41O 04850
628,2020-11-23,25.40527337,41O 04850
629,2020-11-24,25.3415213,41O 04850
630,2020-11-25,25.27776922,41O 04850
631,2020-11-26,25.21401714,41O 04850
632,2020-11-27,25.15026506,41O 04850
633,2020-11-28,25.08651298,41O 04850
634,2020-11-29,25.02276091,41O 04850
635,2020-11-30,24.95900883,41O 04850
636,2020-12-01,24.89525675,41O 04850
338,2020-12-02,24.83150467,41O 04850
637,2020-12-03,24.76775259,41O 04850
638,2020-12-04,24.70400052,41O 04850
639,2020-12-05,24.64024844,41O 04850
640,2020-12-06,24.57649636,41O 04850
641,2020-12-07,24.51274428,41O 04850
642,2020-12-08,24.4489922,41O 04850
643,2020-12-09,24.38524012,41O 04850
644,2020-12-10,24.32148805,41O 04850
645,2020-12-11,24.25773597,41O 04850
646,2020-12-12,24.19398389,41O 04850
647,2020-12-13,24.13023181,41O 04850
648,2020-12-14,24.06647973,41O 04850
649,2020-12-15,24.00272766,41O 04850
650,2020-12-16,23.93897558,41O 04850
651,2020-12-17,23.8752235,41O 04850
652,2020-12-18,23.81147142,41O 04850
653,2020-12-19,23.74771934,41O 04850
654,2020-12-20,23.68396727,41O 04850
655,2020-12-21,23.62021519,41O 04850
656,2020-12-22,23.55646311,41O 04850
657,2020-12-23,23.49271103,41O 04850
658,2020-12-24,23.42895895,41O 04850
659,2020-12-25,23.36520688,41O 04850
660,2020-12-26,23.3014548,41O 04850
661,2020-12-27,23.23770272,41O 04850
662,2020-12-28,23.17395064,41O 04850
663,2020-12-29,23.11019856,41O 04850
664,2020-12-30,23.04644649,41O 04850
665,2020-12-31,22.98269441,41O 04850
666,2021-01-01,22.91894233,41O 04850
667,2021-01-02,22.85519025,41O 04850
668,2021-01-03,22.79143817,41O 04850
669,2021-01-04,22.72768609,41O 04850
670,2021-01-05,22.66393402,41O 04850
671,2021-01-06,22.60018194,41O 04850
672,2021-01-07,22.53642986,41O 04850
673,2021-01-08,22.47267778,41O 04850
674,2021-01-09,22.4089257,41O 04850
675,2021-01-10,22.34517363,41O 04850
676,2021-01-11,22.28142155,41O 04850
677,2021-01-12,22.21766947,41O 04850
678,2021-01-13,22.15391739,41O 04850
679,2021-01-14,22.09016531,41O 04850
680,2021-01-15,22.02641324,41O 04850
681,2021-01-16,21.96266116,41O 04850
682,2021-01-17,21.89890908,41O 04850
683,2021-01-18,21.835157,41O 04850
684,2021-01-19,21.77140492,41O 04850
685,2021-01-20,21.70765285,41O 04850
686,2021-01-21,21.64390077,41O 04850
687,2021-01-22,21.58014869,41O 04850
688,2021-01-23,21.51639661,41O 04850
689,2021-01-24,21.45264453,41O 04850
690,2021-01-25,21.38889245,41O 04850
691,2021-01-26,21.32514038,41O 04850
342,2021-01-27,21.2613883,41O 04850
692,2021-01-28,21.19763622,41O 04850
693,2021-01-29,21.13388414,41O 04850
694,2021-01-30,21.07013206,41O 04850
695,2021-01-31,21.00637999,41O 04850
696,2021-02-01,20.94262791,41O 04850
697,2021-02-02,20.87887583,41O 04850
698,2021-02-03,20.81512375,41O 04850
699,2021-02-04,20.75137167,41O 04850
344,2021-02-05,20.6876196,41O 04850
700,2021-02-06,20.62386752,41O 04850
339,2021-02-07,20.56011544,41O 04850
340,2021-02-08,20.49636336,41O 04850
701,2021-02-09,20.43261128,41O 04850
702,2021-02-10,20.36885921,41O 04850
703,2021-02-11,20.30510713,41O 04850
704,2021-02-12,20.24135505,41O 04850
705,2021-02-13,20.17760297,41O 04850
706,2021-02-14,20.11385089,41O 04850
707,2021-02-15,20.05009882,41O 04850
708,2021-02-16,19.98634674,41O 04850
709,2021-02-17,19.92259466,41O 04850
710,2021-02-18,19.85884258,41O 04850
711,2021-02-19,19.7950905,41O 04850
712,2021-02-20,19.73133842,41O 04850
713,2021-02-21,19.66758635,41O 04850
714,2021-02-22,19.60383427,41O 04850
715,2021-02-23,19.54008219,41O 04850
716,2021-02-24,19.47633011,41O 04850
717,2021-02-25,19.41257803,41O 04850
718,2021-02-26,19.34882596,41O 04850
719,2021-02-27,19.28507388,41O 04850
720,2021-02-28,19.2213218,41O 04850
721,2021-03-01,19.15756972,41O 04850
722,2021-03-02,19.09381764,41O 04850
723,2021-03-03,19.03006557,41O 04850
724,2021-03-04,18.96631349,41O 04850
725,2021-03-05,18.90256141,41O 04850
726,2021-03-06,18.83880933,41O 04850
727,2021-03-07,18.77505725,41O 04850
728,2021-03-08,18.71130518,41O 04850
729,2021-03-09,18.6475531,41O 04850
730,2021-03-10,18.58380102,41O 04850
731,2021-03-11,18.52004894,41O 04850
732,2021-03-12,18.45629686,41O 04850
733,2021-03-13,17.60797908,41O 04850
343,2021-03-14,16.19323878,41O 04850
734,2021-03-15,17.00895097,41O 04850
762,2021-03-16,17.47158463,41O 04850
766,2021-03-17,18.01242521,41O 04850
767,2021-03-18,18.15108248,41O 04850
768,2021-03-19,17.86267409,41O 04850
769,2021-03-20,17.46477215,41O 04850
770,2021-03-21,17.17461053,41O 04850
771,2021-03-22,16.97297053,41O 04850
772,2021-03-23,16.76897216,41O 04850
773,2021-03-24,16.69815891,41O 04850
774,2021-03-25,16.57457236,41O 04850
775,2021-03-26,16.55400169,41O 04850
776,2021-03-27,16.45881489,41O 04850
777,2021-03-28,16.55158793,41O 04850
778,2021-03-29,17.30035089,41O 04850
779,2021-03-30,17.65601122,41O 04850
780,2021-03-31,17.03996161,41O 04850
781,2021-04-01,17.39404255,41O 04850
782,2021-04-02,18.06826228,41O 04850
783,2021-04-03,18.99525509,41O 04850
784,2021-04-04,19.79857962,41O 04850
785,2021-04-05,21.16125462,41O 04850
786,2021-04-06,22.11266853,41O 04850
787,2021-04-07,21.97917142,41O 04850
788,2021-04-08,21.94973758,41O 04850
742,2021-04-09,,41O 04850
798,2021-04-10,22.49544724,41O 04850
799,2021-04-11,22.43943553,41O 04850
800,2021-04-12,22.12908634,41O 04850
801,2021-04-13,21.85809878,41O 04850
802,2021-04-14,21.92986298,41O 04850
803,2021-04-15,22.26818035,41O 04850
804,2021-04-16,22.08431023,41O 04850
806,2021-04-17,21.62298719,41O 04850
743,2021-04-18,,41O 04850
807,2021-04-19,23.31568155,41O 04850
808,2021-04-20,23.06309366,41O 04850
809,2021-04-21,22.98375036,41O 04850
810,2021-04-22,23.18303163,41O 04850
811,2021-04-23,23.60465044,41O 04850
836,2021-04-24,23.27281085,41O 04850
837,2021-04-25,23.63382523,41O 04850
735,2021-04-26,,41O 04850
838,2021-04-27,24.87052288,41O 04850
839,2021-04-28,24.02498418,41O 04850
840,2021-04-29,24.11853752,41O 04850
841,2021-04-30,25.11654384,41O 04850
842,2021-05-01,27.66609243,41O 04850
843,2021-05-02,32.11286641,41O 04850
844,2021-05-03,33.15554336,41O 04850
845,2021-05-04,28.48792164,41O 04850
846,2021-05-05,24.67156744,41O 04850
847,2021-05-06,24.77153301,41O 04850
848,2021-05-07,26.3577142,41O 04850
849,2021-05-08,27.85761431,41O 04850
850,2021-05-09,27.97045161,41O 04850
851,2021-05-10,27.39528052,41O 04850
852,2021-05-11,26.14277387,41O 04850
853,2021-05-12,25.20284031,41O 04850
854,2021-05-13,24.88147753,41O 04850
855,2021-05-14,25.79102917,41O 04850
856,2021-05-15,27.51357296,41O 04850
857,2021-05-16,29.11255152,41O 04850
858,2021-05-17,31.82626469,41O 04850
859,2021-05-18,36.9762609,41O 04850
860,2021-05-19,39.20332771,41O 04850
861,2021-05-20,42.20420631,41O 04850
862,2021-05-21,37.59149807,41O 04850
863,2021-05-22,36.23118239,41O 04850
864,2021-05-23,36.92672682,41O 04850
865,2021-05-24,39.23907081,41O 04850
866,2021-05-25,44.72102026,41O 04850
867,2021-05-26,60.13271029,41O 04850
868,2021-05-27,144.66898723,41O 04850
869,2021-05-28,124.17456551,41O 04850
870,2021-05-29,109.82030159,41O 04850
871,2021-05-30,93.46197313,41O 04850
872,2021-05-31,86.43070705,41O 04850
873,2021-06-01,85.67041299,41O 04850
874,2021-06-02,101.99987181,41O 04850
875,2021-06-03,132.19159228,41O 04850
876,2021-06-04,154.7471512,41O 04850
877,2021-06-05,158.24133395,41O 04850
878,2021-06-06,132.79850148,41O 04850
879,2021-06-07,103.78697627,41O 04850
763,2021-06-08,88.32637033,41O 04850
764,2021-06-09,78.4104351,41O 04850
765,2021-06-10,74.00915607,41O 04850
880,2021-06-11,72.88226635,41O 04850
881,2021-06-12,65.50560496,41O 04850
882,2021-06-13,61.87483241,41O 04850
883,2021-06-14,53.06316874,41O 04850
884,2021-06-15,51.82626531,41O 04850
885,2021-06-16,49.50378307,41O 04850
886,2021-06-17,46.9086296,41O 04850
887,2021-06-18,43.52389675,41O 04850
888,2021-06-19,41.52527754,41O 04850
889,2021-06-20,47.21632382,41O 04850
890,2021-06-21,44.21777745,41O 04850
891,2021-06-22,40.25460098,41O 04850
892,2021-06-23,38.44566962,41O 04850
893,2021-06-24,54.47690764,41O 04850
894,2021-06-25,50.57484466,41O 04850
895,2021-06-26,44.38284167,41O 04850
896,2021-06-27,40.45529839,41O 04850
897,2021-06-28,38.68459396,41O 04850
898,2021-06-29,37.21381457,41O 04850
899,2021-06-30,35.92800947,41O 04850
900,2021-07-01,36.09891916,41O 04850
901,2021-07-02,37.65825609,41O 04850
902,2021-07-03,37.03251901,41O 04850
903,2021-07-04,36.01187342,41O 04850
904,2021-07-05,35.4178446,41O 04850
905,2021-07-06,35.25788497,41O 04850
906,2021-07-07,34.45529354,41O 04850
907,2021-07-08,34.09799178,41O 04850
908,2021-07-09,33.53387354,41O 04850
909,2021-07-10,34.16743065,41O 04850
910,2021-07-11,32.69054541,41O 04850
911,2021-07-12,32.05794015,41O 04850
912,2021-07-13,32.10362334,41O 04850
913,2021-07-14,31.67323639,41O 04850
914,2021-07-15,30.56972027,41O 04850
915,2021-07-16,29.72204821,41O 04850
916,2021-07-17,29.21152034,41O 04850
917,2021-07-18,28.86522271,41O 04850
918,2021-07-19,28.64579588,41O 04850
919,2021-07-20,29.66259635,41O 04850
920,2021-07-21,29.26508957,41O 04850
755,2021-07-22,,41O 04850
921,2021-07-23,28.35707672,41O 04850
922,2021-07-24,27.78825479,41O 04850
923,2021-07-25,27.08720681,41O 04850
924,2021-07-26,26.40312065,41O 04850
925,2021-07-27,26.00896055,41O 04850
926,2021-07-28,26.22804098,41O 04850
927,2021-07-29,26.36661898,41O 04850
928,2021-07-30,26.01704495,41O 04850
929,2021-07-31,25.03707952,41O 04850
930,2021-08-01,24.6204564,41O 04850
931,2021-08-02,24.94185369,41O 04850
933,2021-08-03,25.30158375,41O 04850
932,2021-08-04,24.26779996,41O 04850
934,2021-08-05,24.85365873,41O 04850
935,2021-08-06,24.48064436,41O 04850
43,2021-08-07,23.80064275,41O 04850
936,2021-08-08,25.38049169,41O 04850
937,2021-08-09,28.32938374,41O 04850
938,2021-08-10,25.21370362,41O 04850
939,2021-08-11,23.79381527,41O 04850
940,2021-08-12,22.99802638,41O 04850
941,2021-08-13,22.98486798,41O 04850
942,2021-08-14,22.57765565,41O 04850
943,2021-08-15,21.88189016,41O 04850
944,2021-08-16,21.30153008,41O 04850
945,2021-08-17,21.59356354,41O 04850
946,2021-08-18,25.20887451,41O 04850
947,2021-08-19,25.20349839,41O 04850
948,2021-08-20,24.63961554,41O 04850
949,2021-08-21,25.00105496,41O 04850
950,2021-08-22,24.81419699,41O 04850
951,2021-08-23,23.24364798,41O 04850
754,2021-08-24,,41O 04850
952,2021-08-25,20.98188054,41O 04850
953,2021-08-26,20.78998682,41O 04850
954,2021-08-27,20.36073438,41O 04850
955,2021-08-28,20.18446886,41O 04850
956,2021-08-29,19.38960668,41O 04850
958,2021-08-30,18.51978946,41O 04850
957,2021-08-31,17.88581235,41O 04850
959,2021-09-01,17.7313475,41O 04850
960,2021-09-02,17.88272321,41O 04850
961,2021-09-03,18.23254039,41O 04850
962,2021-09-04,17.88632432,41O 04850
963,2021-09-05,17.23084159,41O 04850
964,2021-09-06,16.4577266,41O 04850
965,2021-09-07,16.62930288,41O 04850
966,2021-09-08,17.44526036,41O 04850
967,2021-09-09,17.15838065,41O 04850
968,2021-09-10,16.82443058,41O 04850
969,2021-09-11,18.21551447,41O 04850
970,2021-09-12,18.40212637,41O 04850
971,2021-09-13,17.90009898,41O 04850
972,2021-09-14,17.89392624,41O 04850
973,2021-09-15,16.79160065,41O 04850
974,2021-09-16,16.83099417,41O 04850
975,2021-09-17,18.135762,41O 04850
976,2021-09-18,17.11339425,41O 04850
977,2021-09-19,16.24374687,41O 04850
978,2021-09-20,17.61543725,41O 04850
979,2021-09-21,17.6680399,41O 04850
980,2021-09-22,16.62469931,41O 04850
981,2021-09-23,15.77816,41O 04850
982,2021-09-24,16.50359889,41O 04850
983,2021-09-25,16.45937254,41O 04850
984,2021-09-26,15.59065376,41O 04850
985,2021-09-27,15.51841905,41O 04850
986,2021-09-28,16.10334535,41O 04850
997,2021-09-29,17.52175082,41O 04850
998,2021-09-30,17.49946061,41O 04850
999,2021-10-01,17.06986797,41O 04850
1000,2021-10-02,17.4533397,41O 04850
1001,2021-10-03,16.82309729,41O 04850
1002,2021-10-04,16.68158105,41O 04850
1003,2021-10-05,15.7045321,41O 04850
1004,2021-10-06,14.77918846,41O 04850
1005,2021-10-07,15.86423791,41O 04850
1006,2021-10-08,17.81577763,41O 04850
1007,2021-10-09,18.083532,41O 04850
1008,2021-10-10,17.62172811,41O 04850
1009,2021-10-11,17.88362774,41O 04850
1010,2021-10-12,16.89234044,41O 04850
1011,2021-10-13,14.4711405,41O 04850
1012,2021-10-14,15.98964659,41O 04850
1013,2021-10-15,15.84066097,41O 04850
1014,2021-10-16,15.31141271,41O 04850
1015,2021-10-17,14.70918016,41O 04850
1016,2021-10-18,14.53215554,41O 04850
1017,2021-10-19,14.63496078,41O 04850
1018,2021-10-20,14.6375406,41O 04850
1019,2021-10-21,14.65622947,41O 04850
1020,2021-10-22,15.43251105,41O 04850
1021,2021-10-23,15.01326348,41O 04850
1022,2021-10-24,15.1845889,41O 04850
1023,2021-10-25,15.47766779,41O 04850
1024,2021-10-26,15.00953802,41O 04850
1025,2021-10-27,13.5347313,41O 04850
1026,2021-10-28,11.49508113,41O 04850
1027,2021-10-29,11.32013164,41O 04850
1028,2021-10-30,11.77947056,41O 04850
1029,2021-10-31,11.9901228,41O 04850
1030,2021-11-01,11.68525358,41O 04850
1031,2021-11-02,11.3110504,41O 04850
1032,2021-11-03,10.94975858,41O 04850
1033,2021-11-04,10.76830653,41O 04850
1034,2021-11-05,10.72539193,41O 04850
1035,2021-11-06,10.71951114,41O 04850
1036,2021-11-07,10.83169074,41O 04850
1037,2021-11-08,10.88421059,41O 04850
1038,2021-11-09,10.76308917,41O 04850
1039,2021-11-10,10.73542006,41O 04850
1040,2021-11-11,12.21419479,41O 04850
1041,2021-11-12,10.8504421,41O 04850
1042,2021-11-13,10.61390522,41O 04850
1043,2021-11-14,11.10930465,41O 04850
1044,2021-11-15,10.96578883,41O 04850
1045,2021-11-16,11.0223417,41O 04850
1046,2021-11-17,13.12464324,41O 04850
1047,2021-11-18,15.44689336,41O 04850
1048,2021-11-19,15.7617445,41O 04850
1049,2021-11-20,17.09160999,41O 04850
1050,2021-11-21,14.94622118,41O 04850
1051,2021-11-22,14.99381019,41O 04850
1052,2021-11-23,14.71291154,41O 04850
1053,2021-11-24,15.77596159,41O 04850
1054,2021-11-25,16.35728227,41O 04850
1055,2021-11-26,16.29197334,41O 04850
1056,2021-11-27,15.14669206,41O 04850
1057,2021-11-28,15.46103399,41O 04850
1058,2021-11-29,14.23605233,41O 04850
1059,2021-11-30,14.97920181,41O 04850
757,2022-01-20,,41O 04850
1060,2022-03-12,19.00531251,41O 04850
1061,2022-03-13,19.10411489,41O 04850
1062,2022-03-14,17.3188481,41O 04850
1063,2022-03-15,15.76735599,41O 04850
1064,2022-03-16,13.94281988,41O 04850
1065,2022-03-17,12.9271199,41O 04850
1066,2022-03-18,12.21530691,41O 04850
1067,2022-03-19,11.92759413,41O 04850
1068,2022-03-20,11.56464525,41O 04850
1069,2022-03-21,11.33885363,41O 04850
1070,2022-03-22,11.10517048,41O 04850
1071,2022-03-23,10.87067262,41O 04850
1072,2022-03-24,10.85608616,41O 04850
1073,2022-03-25,11.23708796,41O 04850
1074,2022-03-26,11.1279568,41O 04850
1075,2022-03-27,11.02934051,41O 04850
1076,2022-03-28,10.95842655,41O 04850
1077,2022-03-29,11.24331095,41O 04850
1078,2022-03-30,12.19317086,41O 04850
1079,2022-03-31,11.67587194,41O 04850
1080,2022-04-01,12.3279073,41O 04850
1081,2022-04-02,12.15331352,41O 04850
1082,2022-04-03,11.77253999,41O 04850
1083,2022-04-04,11.91322953,41O 04850
1084,2022-04-05,12.83301293,41O 04850
1085,2022-04-06,11.85922969,41O 04850
1086,2022-04-07,11.58229746,41O 04850
1087,2022-04-08,11.30254998,41O 04850
1088,2022-04-09,11.1573605,41O 04850
1089,2022-04-10,12.0016904,41O 04850
1090,2022-04-11,14.8409884,41O 04850
1091,2022-04-12,14.6285145,41O 04850
1092,2022-04-13,13.39081679,41O 04850
1093,2022-04-14,12.68125418,41O 04850
1094,2022-04-15,14.18530034,41O 04850
1095,2022-04-16,13.12361674,41O 04850
1096,2022-04-17,14.47051333,41O 04850
1097,2022-04-18,14.67313272,41O 04850
1098,2022-04-19,15.65781996,41O 04850
1099,2022-04-20,15.50666371,41O 04850
1100,2022-04-21,14.85491418,41O 04850
1101,2022-04-22,14.25997472,41O 04850
756,2022-04-27,,41O 04850
1102,2022-05-02,15.91947569,41O 04850
1103,2022-05-03,15.55967406,41O 04850
1104,2022-05-04,18.73344009,41O 04850
1105,2022-05-05,21.78536783,41O 04850
1106,2022-05-06,27.92735913,41O 04850
1107,2022-05-07,34.58929093,41O 04850
1108,2022-05-08,32.77866539,41O 04850
1109,2022-05-09,28.06364473,41O 04850
1110,2022-05-10,27.35649526,41O 04850
1111,2022-05-11,26.56549555,41O 04850
1112,2022-05-12,26.85929911,41O 04850
1113,2022-05-13,27.56734903,41O 04850
1114,2022-05-14,27.35152141,41O 04850
1115,2022-05-15,27.46020673,41O 04850
1116,2022-05-16,29.53235107,41O 04850
1117,2022-05-17,34.68533408,41O 04850
1118,2022-05-18,36.70531164,41O 04850
1119,2022-05-19,37.7213199,41O 04850
1120,2022-05-20,36.97987397,41O 04850
1121,2022-05-21,33.98608991,41O 04850
1122,2022-05-22,32.24874456,41O 04850
1123,2022-05-23,31.03791523,41O 04850
1124,2022-05-24,30.98691552,41O 04850
1125,2022-05-25,31.47019792,41O 04850
1126,2022-05-26,33.56278268,41O 04850
744,2022-05-29,,41O 04850
1127,2022-06-02,41.47110601,41O 04850
1128,2022-06-03,41.85607332,41O 04850
1129,2022-06-04,42.30865739,41O 04850
1130,2022-06-05,44.84786431,41O 04850
1131,2022-06-06,49.7811315,41O 04850
1132,2022-06-07,52.85223443,41O 04850
1133,2022-06-08,51.95258247,41O 04850
1134,2022-06-09,49.6602103,41O 04850
1135,2022-06-10,54.97840584,41O 04850
1136,2022-06-11,89.32769762,41O 04850
1137,2022-06-12,97.03423114,41O 04850
1138,2022-06-13,86.48111056,41O 04850
1139,2022-06-14,63.36065421,41O 04850
1140,2022-06-15,51.35704817,41O 04850
1141,2022-06-16,42.93720824,41O 04850
1142,2022-06-17,39.87309868,41O 04850
1143,2022-06-18,41.76544885,41O 04850
1144,2022-06-19,46.98954815,41O 04850
1145,2022-06-20,54.3261376,41O 04850
1146,2022-06-21,73.79408429,41O 04850
1147,2022-06-22,85.03873802,41O 04850
1148,2022-06-23,77.00440185,41O 04850
1149,2022-06-24,67.6059724,41O 04850
1150,2022-06-25,60.15199507,41O 04850
1151,2022-06-26,52.62789888,41O 04850
1152,2022-06-27,45.3245754,41O 04850
1153,2022-06-28,39.79443212,41O 04850
1154,2022-06-29,37.53794382,41O 04850
1155,2022-06-30,36.03025837,41O 04850
1156,2022-07-01,34.93481608,41O 04850
1157,2022-07-02,33.0488935,41O 04850
1158,2022-07-03,33.66092299,41O 04850
1159,2022-07-04,35.52833616,41O 04850
1160,2022-07-05,38.56899603,41O 04850
1161,2022-07-06,34.12223645,41O 04850
1162,2022-07-07,35.79464434,41O 04850
1163,2022-07-08,32.75209193,41O 04850
1164,2022-07-09,32.04369083,41O 04850
1165,2022-07-10,30.65427643,41O 04850
1166,2022-07-11,29.8898531,41O 04850
1167,2022-07-12,27.73621298,41O 04850
1168,2022-07-13,26.43878958,41O 04850
1169,2022-07-14,25.78211606,41O 04850
1170,2022-07-15,24.44904349,41O 04850
1171,2022-07-16,23.70771226,41O 04850
1172,2022-07-17,21.46725043,41O 04850
1173,2022-07-18,21.27673454,41O 04850
1174,2022-07-19,19.86237132,41O 04850
1175,2022-07-20,18.58817287,41O 04850
1176,2022-07-21,18.97382353,41O 04850
1177,2022-07-22,21.13790241,41O 04850
1178,2022-07-23,23.4396773,41O 04850
1179,2022-07-24,22.10518231,41O 04850
1180,2022-07-25,23.1988824,41O 04850
1181,2022-07-26,25.21124745,41O 04850
1182,2022-07-27,23.58556966,41O 04850
1183,2022-07-28,22.22102575,41O 04850
1184,2022-07-29,20.23375686,41O 04850
1185,2022-07-30,20.05585839,41O 04850
1186,2022-07-31,20.4762541,41O 04850
1187,2022-08-01,20.4217308,41O 04850
1188,2022-08-02,19.67869333,41O 04850
1189,2022-08-03,19.57291659,41O 04850
1190,2022-08-04,19.00893685,41O 04850
1191,2022-08-05,18.92650477,41O 04850
1192,2022-08-06,20.0052428,41O 04850
1193,2022-08-07,21.25512857,41O 04850
1194,2022-08-08,18.60730042,41O 04850
1195,2022-08-09,17.78616222,41O 04850
1196,2022-08-10,18.27168504,41O 04850
1197,2022-08-11,18.30339879,41O 04850
1198,2022-08-12,17.12538822,41O 04850
1199,2022-08-13,16.92603502,41O 04850
1200,2022-08-14,16.43609776,41O 04850
1201,2022-08-15,15.94263282,41O 04850
1202,2022-08-16,15.42845603,41O 04850
1203,2022-08-17,15.08163076,41O 04850
1204,2022-08-18,15.30879388,41O 04850
1205,2022-08-19,14.91274603,41O 04850
1206,2022-08-20,14.86048879,41O 04850
1207,2022-08-21,18.06599956,41O 04850
1208,2022-08-22,18.28953563,41O 04850
1209,2022-08-23,19.49880766,41O 04850
1210,2022-08-24,19.03200117,41O 04850
1211,2022-08-25,19.2824984,41O 04850
1212,2022-08-26,19.18648082,41O 04850
1213,2022-08-27,17.7135721,41O 04850
1214,2022-08-28,16.35126329,41O 04850
1215,2022-08-29,15.76304893,41O 04850
1216,2022-08-30,14.9837707,41O 04850
1217,2022-08-31,14.3424313,41O 04850
1218,2022-09-01,13.45529546,41O 04850
1219,2022-09-02,13.27987094,41O 04850
1220,2022-09-03,13.39871198,41O 04850
1221,2022-09-04,12.60934139,41O 04850
1222,2022-09-05,12.26773264,41O 04850
1223,2022-09-06,12.45544665,41O 04850
1224,2022-09-07,12.76700084,41O 04850
1225,2022-09-08,12.55822608,41O 04850
1226,2022-09-09,15.32107744,41O 04850
1227,2022-09-10,16.14336417,41O 04850
1228,2022-09-11,14.48464363,41O 04850
1229,2022-09-12,13.05015236,41O 04850
1230,2022-09-13,13.29275919,41O 04850
1231,2022-09-14,14.17813726,41O 04850
1232,2022-09-15,13.93483841,41O 04850
1233,2022-09-16,14.44082552,41O 04850
1234,2022-09-17,14.03732275,41O 04850
1235,2022-09-18,13.62541015,41O 04850
1236,2022-09-19,13.34826986,41O 04850
1237,2022-09-20,13.16001635,41O 04850
1238,2022-09-21,14.54165986,41O 04850
1239,2022-09-22,15.26486749,41O 04850
1240,2022-09-23,14.98884724,41O 04850
1241,2022-09-24,13.91319079,41O 04850
1242,2022-09-25,13.54262034,41O 04850
1243,2022-09-26,13.23900843,41O 04850
1244,2022-09-27,12.87987571,41O 04850
1245,2022-09-28,12.61885868,41O 04850
1246,2022-09-29,12.81977695,41O 04850
1247,2022-09-30,14.47393138,41O 04850
1248,2022-10-01,16.36511413,41O 04850
1249,2022-10-02,16.83013488,41O 04850
1250,2022-10-03,15.98636485,41O 04850
1251,2022-10-04,14.9329144,41O 04850
1252,2022-10-05,14.41463832,41O 04850
1253,2022-10-06,14.00724993,41O 04850
1254,2022-10-07,14.72817406,41O 04850
1255,2022-10-08,14.69895799,41O 04850
1256,2022-10-09,14.39119898,41O 04850
1257,2022-10-10,14.09177998,41O 04850
1258,2022-10-11,13.47970751,41O 04850
1259,2022-10-12,13.56908367,41O 04850
1260,2022-10-13,14.11694108,41O 04850
1261,2022-10-14,13.80574901,41O 04850
1262,2022-10-15,13.2055016,41O 04850
1263,2022-10-16,12.56088327,41O 04850
1264,2022-10-17,9.69874422,41O 04850
761,2022-10-20,,41O 04850
1270,2022-10-23,9.37917543,41O 04850
760,2022-10-27,,41O 04850
1265,2022-11-01,12.8015922,41O 04850
1266,2022-11-02,13.48148864,41O 04850
1267,2022-11-03,13.96719488,41O 04850
1268,2022-11-04,13.50818616,41O 04850
1269,2022-11-05,14.27378366,41O 04850
1271,2022-11-06,14.17333423,41O 04850
758,2023-01-10,,41O 04850
1272,2023-03-16,14.2032407,41O 04850
1273,2023-03-17,12.12700977,41O 04850
1274,2023-03-18,12.15574232,41O 04850
1275,2023-03-19,14.37127245,41O 04850
1276,2023-03-20,14.67340865,41O 04850
1277,2023-03-21,13.7392047,41O 04850
1278,2023-03-22,12.54025658,41O 04850
1279,2023-03-23,12.57386135,41O 04850
1280,2023-03-24,13.8524222,41O 04850
1281,2023-03-25,14.22281658,41O 04850
1282,2023-03-26,13.26700185,41O 04850
1283,2023-03-27,12.85652102,41O 04850
1284,2023-03-28,12.16408672,41O 04850
1285,2023-03-29,12.30758801,41O 04850
1286,2023-03-30,12.41189259,41O 04850
1287,2023-03-31,12.6367641,41O 04850
1288,2023-04-01,13.0211383,41O 04850
1289,2023-04-02,12.16842855,41O 04850
1290,2023-04-03,11.18472126,41O 04850
1291,2023-04-04,11.33853469,41O 04850
1292,2023-04-05,11.38721664,41O 04850
1293,2023-04-06,11.2947492,41O 04850
1294,2023-04-07,12.50089864,41O 04850
1295,2023-04-08,13.26512559,41O 04850
1296,2023-04-09,13.5914571,41O 04850
1297,2023-04-10,14.77895648,41O 04850
1298,2023-04-11,16.50568925,41O 04850
1299,2023-04-12,16.92703983,41O 04850
994,2023-04-13,18.38141711,41O 04850
1300,2023-04-14,16.79319608,41O 04850
1301,2023-04-15,15.76298662,41O 04850
1302,2023-04-16,15.16088596,41O 04850
1303,2023-04-17,14.8004979,41O 04850
995,2023-04-18,15.22904138,41O 04850
1304,2023-04-19,15.94197548,41O 04850
1305,2023-04-20,16.2331111,41O 04850
1306,2023-04-21,16.59359512,41O 04850
1307,2023-04-22,15.32196865,41O 04850
1308,2023-04-23,15.24630877,41O 04850
1309,2023-04-24,15.49183109,41O 04850
1310,2023-04-25,12.11795481,41O 04850
1311,2023-04-26,5.39709565,41O 04850
1312,2023-04-27,6.54131593,41O 04850
1313,2023-04-28,6.80656059,41O 04850
1314,2023-04-29,6.64060738,41O 04850
1315,2023-04-30,7.84804175,41O 04850
1316,2023-05-01,11.67677982,41O 04850
1317,2023-05-02,20.84335318,41O 04850
1318,2023-05-03,30.54193662,41O 04850
1319,2023-05-04,32.73646955,41O 04850
1320,2023-05-05,38.25604121,41O 04850
1321,2023-05-06,49.49169032,41O 04850
1322,2023-05-07,63.44230663,41O 04850
1323,2023-05-08,54.74676679,41O 04850
1324,2023-05-09,46.85830293,41O 04850
1325,2023-05-10,42.15347295,41O 04850
1326,2023-05-11,40.39205078,41O 04850
1327,2023-05-12,39.789173,41O 04850
1328,2023-05-13,38.9086917,41O 04850
1329,2023-05-14,39.16693605,41O 04850
1330,2023-05-15,41.84075013,41O 04850
1331,2023-05-16,53.7243866,41O 04850
1332,2023-05-17,83.87392848,41O 04850
1333,2023-05-18,85.84986796,41O 04850
1334,2023-05-19,76.78109928,41O 04850
1335,2023-05-20,80.28250952,41O 04850
1336,2023-05-21,86.31092967,41O 04850
1337,2023-05-22,89.03163795,41O 04850
1338,2023-05-23,80.90672905,41O 04850
1339,2023-05-24,67.0391764,41O 04850
1340,2023-05-25,70.09626864,41O 04850
1341,2023-05-26,99.59047503,41O 04850
1342,2023-05-27,193.99100158,41O 04850
1343,2023-05-28,245.2024658,41O 04850
1344,2023-05-29,195.71544233,41O 04850
1345,2023-05-30,154.61465505,41O 04850
1346,2023-05-31,113.83980625,41O 04850
1347,2023-06-01,85.75316314,41O 04850
1348,2023-06-02,77.41526717,41O 04850
1349,2023-06-03,69.60349194,41O 04850
1350,2023-06-04,67.00468839,41O 04850
1351,2023-06-05,63.04476225,41O 04850
1352,2023-06-06,68.77970449,41O 04850
1353,2023-06-07,63.09352616,41O 04850
1354,2023-06-08,62.79884975,41O 04850
1355,2023-06-09,138.97720916,41O 04850
1356,2023-06-10,274.68187497,41O 04850
1357,2023-06-11,203.64898114,41O 04850
1358,2023-06-12,166.71783332,41O 04850
1359,2023-06-13,141.83571247,41O 04850
1360,2023-06-14,126.87431641,41O 04850
1361,2023-06-15,108.47956097,41O 04850
987,2023-06-16,104.13866243,41O 04850
988,2023-06-17,93.15510694,41O 04850
989,2023-06-18,85.39334633,41O 04850
990,2023-06-19,78.83147867,41O 04850
991,2023-06-20,63.59539804,41O 04850
992,2023-06-21,57.28567405,41O 04850
1362,2023-06-22,54.28199473,41O 04850
1363,2023-06-23,51.17577598,41O 04850
1364,2023-06-24,50.02966473,41O 04850
1365,2023-06-25,44.69435799,41O 04850
1366,2023-06-26,41.61986483,41O 04850
1367,2023-06-27,40.06949448,41O 04850
1368,2023-06-28,42.06903879,41O 04850
1369,2023-06-29,41.69941133,41O 04850
1370,2023-06-30,39.43086184,41O 04850
1371,2023-07-01,37.33270766,41O 04850
1372,2023-07-02,36.092372,41O 04850
1373,2023-07-03,35.69849446,41O 04850
1374,2023-07-04,36.40948039,41O 04850
1375,2023-07-05,37.37620337,41O 04850
1376,2023-07-06,38.19394507,41O 04850
1377,2023-07-07,38.13531503,41O 04850
1378,2023-07-08,37.72414658,41O 04850
1379,2023-07-09,34.50440057,41O 04850
1380,2023-07-10,29.86869096,41O 04850
1381,2023-07-11,29.76769111,41O 04850
1382,2023-07-12,29.15416773,41O 04850
1383,2023-07-13,27.85698159,41O 04850
1384,2023-07-14,27.68325898,41O 04850
1385,2023-07-15,27.17380275,41O 04850
1386,2023-07-16,25.54356039,41O 04850
1387,2023-07-17,22.77477166,41O 04850
1388,2023-07-18,21.50063367,41O 04850
1389,2023-07-19,20.99348078,41O 04850
1390,2023-07-20,20.52767036,41O 04850
1391,2023-07-21,19.97456588,41O 04850
1392,2023-07-22,18.6579938,41O 04850
1393,2023-07-23,17.74492419,41O 04850
1394,2023-07-24,17.38168669,41O 04850
1395,2023-07-25,18.07811053,41O 04850
1396,2023-07-26,22.58619828,41O 04850
1397,2023-07-27,22.69165692,41O 04850
1398,2023-07-28,23.69460235,41O 04850
1399,2023-07-29,23.24873319,41O 04850
1400,2023-07-30,22.83767365,41O 04850
1401,2023-07-31,21.38018019,41O 04850
1402,2023-08-01,20.06284601,41O 04850
1403,2023-08-02,19.69991575,41O 04850
1404,2023-08-03,19.11795972,41O 04850
1405,2023-08-04,20.13550761,41O 04850
1406,2023-08-05,22.22510973,41O 04850
1407,2023-08-06,26.86292288,41O 04850
1408,2023-08-07,28.0310709,41O 04850
1409,2023-08-08,23.39049006,41O 04850
1410,2023-08-09,21.79365809,41O 04850
1411,2023-08-10,21.1827479,41O 04850
1412,2023-08-11,20.61819823,41O 04850
1413,2023-08-12,19.79495575,41O 04850
1414,2023-08-13,20.24476967,41O 04850
1415,2023-08-14,19.29150584,41O 04850
1416,2023-08-15,18.16624837,41O 04850
1417,2023-08-16,16.7846594,41O 04850
1418,2023-08-17,16.19574521,41O 04850
1419,2023-08-18,14.94593358,41O 04850
1420,2023-08-19,15.62180739,41O 04850
1421,2023-08-20,17.03333116,41O 04850
1422,2023-08-21,19.83171193,41O 04850
1423,2023-08-22,22.32070258,41O 04850
1424,2023-08-23,18.70389694,41O 04850
1425,2023-08-24,18.42745579,41O 04850
1426,2023-08-25,18.21712102,41O 04850
1427,2023-08-26,18.60640504,41O 04850
1428,2023-08-27,17.12989303,41O 04850
1429,2023-08-28,16.58305604,41O 04850
1430,2023-08-29,16.20414895,41O 04850
996,2023-08-30,16.56869238,41O 04850
1431,2023-08-31,17.05295072,41O 04850
1432,2023-09-01,17.02270558,41O 04850
1433,2023-09-02,16.32335416,41O 04850
1434,2023-09-03,15.22064269,41O 04850
1435,2023-09-04,16.96281818,41O 04850
1436,2023-09-05,19.45478289,41O 04850
1437,2023-09-06,17.61492616,41O 04850
1438,2023-09-07,17.69615675,41O 04850
1439,2023-09-08,17.89573923,41O 04850
1440,2023-09-09,17.75396336,41O 04850
1441,2023-09-10,17.23000359,41O 04850
1442,2023-09-11,16.85797855,41O 04850
1443,2023-09-12,16.02942064,41O 04850
1444,2023-09-13,15.63297183,41O 04850
1445,2023-09-14,16.06624862,41O 04850
1446,2023-09-15,15.99862769,41O 04850
1447,2023-09-16,15.39300025,41O 04850
1448,2023-09-17,14.93666246,41O 04850
1449,2023-09-18,14.34587094,41O 04850
1450,2023-09-19,13.47401479,41O 04850
1451,2023-09-20,11.38760535,41O 04850
1452,2023-09-21,16.60196851,41O 04850
1453,2023-09-22,21.31927406,41O 04850
1454,2023-09-23,21.77633958,41O 04850
1455,2023-09-24,18.41727002,41O 04850
1456,2023-09-25,17.06489439,41O 04850
1457,2023-09-26,16.48488603,41O 04850
1458,2023-09-27,16.43067647,41O 04850
1459,2023-09-28,16.60218421,41O 04850
1460,2023-09-29,16.47068063,41O 04850
1461,2023-09-30,17.8689337,41O 04850
1462,2023-10-01,18.75247132,41O 04850
1463,2023-10-02,19.1660635,41O 04850
1464,2023-10-03,18.09939179,41O 04850
1465,2023-10-04,13.45155947,41O 04850
1466,2023-10-05,10.31466562,41O 04850
1467,2023-10-06,12.95238772,41O 04850
1468,2023-10-07,15.68351309,41O 04850
1469,2023-10-08,15.49104409,41O 04850
1470,2023-10-09,15.53994441,41O 04850
1471,2023-10-10,15.2349301,41O 04850
1472,2023-10-11,15.41234146,41O 04850
1473,2023-10-12,15.54355649,41O 04850
1474,2023-10-13,17.02479451,41O 04850
1475,2023-10-14,16.29559642,41O 04850
1476,2023-10-15,15.97969422,41O 04850
1477,2023-10-16,12.0348095,41O 04850
1478,2023-10-17,6.04252874,41O 04850
993,2023-10-18,5.96209426,41O 04850
1479,2023-10-19,6.49869175,41O 04850
1480,2023-10-20,10.99516869,41O 04850
1481,2023-10-21,12.70690127,41O 04850
1482,2023-10-22,13.08709609,41O 04850
1483,2023-10-23,13.9225762,41O 04850
1484,2023-10-24,13.77423473,41O 04850
759,2024-01-01,,41O 04850
1485,2024-03-11,14.54689398,41O 04850
1486,2024-03-12,13.84861767,41O 04850
1487,2024-03-13,13.49228321,41O 04850
1488,2024-03-14,12.96421011,41O 04850
1489,2024-03-15,12.80751472,41O 04850
1490,2024-03-16,12.83390824,41O 04850
1491,2024-03-17,12.66618248,41O 04850
1492,2024-03-18,12.63360953,41O 04850
1493,2024-03-19,12.60378074,41O 04850
1494,2024-03-20,12.86460913,41O 04850
1495,2024-03-21,13.38144732,41O 04850
1496,2024-03-22,13.79467393,41O 04850
1497,2024-03-23,13.64516521,41O 04850
1498,2024-03-24,13.71432582,41O 04850
1499,2024-03-25,13.65917941,41O 04850
1500,2024-03-26,13.37339692,41O 04850
1501,2024-03-27,13.75889572,41O 04850
1502,2024-03-28,13.59351614,41O 04850
1503,2024-03-29,13.53942469,41O 04850
1504,2024-03-30,13.72908869,41O 04850
1505,2024-03-31,13.44138024,41O 04850
1506,2024-04-01,13.35459797,41O 04850
1507,2024-05-02,16.63089393,41O 04850
1508,2024-05-03,16.38711929,41O 04850
1509,2024-05-04,15.98056928,41O 04850
1510,2024-05-05,15.56549334,41O 04850
1511,2024-05-06,15.49494791,41O 04850
1512,2024-05-07,15.21366232,41O 04850
1513,2024-05-08,17.65345554,41O 04850
